factory_id,factory_name,industry_type,latitude,longitude,city,state,country,pollution_impact_score,latest_pm25,latest_pm10,risk_level,recommendation
osm_1002375263,Pune Industrial Site 1002375263,industrial,18.0902202,74.9567959,Pune,Maharashtra,India,10.0,151.00165484618628,159.0110340906752,High,"Industrial site is high-risk. Install SO2 scrubbers and ESP filters, upgrade baghouse maintenance cadence to weekly, and deploy continuous emissions monitoring with automated alerts."
osm_1263887875,Pune Industrial Site 1263887875,industrial,18.156073,74.7787866,Pune,Maharashtra,India,10.0,107.50777402544858,227.50690065171028,High,"Industrial site is high-risk. Install SO2 scrubbers and ESP filters, upgrade baghouse maintenance cadence to weekly, and deploy continuous emissions monitoring with automated alerts."
osm_359511144,Pune Industrial Site 359511144,works,18.7490459,73.4218882,Pune,Maharashtra,India,10.0,156.37918593453784,135.80156076559288,High,"Works site is high-risk. Install SO2 scrubbers and ESP filters, upgrade baghouse maintenance cadence to weekly, and deploy continuous emissions monitoring with automated alerts."
osm_53348816,Sandvik Asia,industrial,18.5928694,73.829268,Pune,Maharashtra,India,10.0,183.1115913136872,224.4580075076752,High,"Industrial site is high-risk. Install SO2 scrubbers and ESP filters, upgrade baghouse maintenance cadence to weekly, and deploy continuous emissions monitoring with automated alerts."
osm_789051588,Pune Industrial Site 789051588,works,18.2750492,74.1720404,Pune,Maharashtra,India,10.0,165.46362591781102,166.6094327983618,High,"Works site is high-risk. Install SO2 scrubbers and ESP filters, upgrade baghouse maintenance cadence to weekly, and deploy continuous emissions monitoring with automated alerts."
osm_771408355,Pune Industrial Site 771408355,works,18.1978252,74.6146895,Pune,Maharashtra,India,10.0,177.5920177015364,124.10403386775762,High,"Works site is high-risk. Install SO2 scrubbers and ESP filters, upgrade baghouse maintenance cadence to weekly, and deploy continuous emissions monitoring with automated alerts."
osm_981038168,Pune Industrial Site 981038168,industrial,18.4458951,73.9653042,Pune,Maharashtra,India,10.0,142.35757521397207,205.9791268831557,High,"Industrial site is high-risk. Install SO2 scrubbers and ESP filters, upgrade baghouse maintenance cadence to weekly, and deploy continuous emissions monitoring with automated alerts."
osm_910115742,Pune Industrial Site 910115742,works,18.4034327,74.5172435,Pune,Maharashtra,India,10.0,159.4752730498892,226.6023216655658,High,"Works site is high-risk. Install SO2 scrubbers and ESP filters, upgrade baghouse maintenance cadence to weekly, and deploy continuous emissions monitoring with automated alerts."
osm_1285833588,Pune Industrial Site 1285833588,industrial,18.6009769,73.9885022,Pune,Maharashtra,India,9.835654939671983,127.91013127092562,178.9685887287719,High,"Industrial site is high-risk. Install SO2 scrubbers and ESP filters, upgrade baghouse maintenance cadence to weekly, and deploy continuous emissions monitoring with automated alerts."
osm_981037139,Pune Industrial Site 981037139,industrial,18.3125904,73.8672832,Pune,Maharashtra,India,9.833676627907748,166.8439743681062,147.7382149596677,High,"Industrial site is high-risk. Install SO2 scrubbers and ESP filters, upgrade baghouse maintenance cadence to weekly, and deploy continuous emissions monitoring with automated alerts."
osm_910115700,Pune Industrial Site 910115700,industrial,18.4670489,73.9582826,Pune,Maharashtra,India,9.803817675466027,134.90733176278576,194.33412627400403,High,"Industrial site is high-risk. Install SO2 scrubbers and ESP filters, upgrade baghouse maintenance cadence to weekly, and deploy continuous emissions monitoring with automated alerts."
osm_1472050256,AGRAWAL GO-DOWN,metal_processing,18.4697553,73.7908242,Pune,Maharashtra,India,9.687526199334917,129.55918007662402,192.08784911095103,High,"Metal_Processing site is high-risk. Install SO2 scrubbers and ESP filters, upgrade baghouse maintenance cadence to weekly, and deploy continuous emissions monitoring with automated alerts."
osm_1158262421,Pune Industrial Site 1158262421,industrial,18.7683111,73.8310432,Pune,Maharashtra,India,9.59971717958189,98.4300669934784,245.20303036274743,High,"Industrial site is high-risk. Install SO2 scrubbers and ESP filters, upgrade baghouse maintenance cadence to weekly, and deploy continuous emissions monitoring with automated alerts."
osm_147256191,Pune Industrial Site 147256191,industrial,18.1006857,74.218892,Pune,Maharashtra,India,9.591345527473143,135.99364827135616,173.7891044929067,High,"Industrial site is high-risk. Install SO2 scrubbers and ESP filters, upgrade baghouse maintenance cadence to weekly, and deploy continuous emissions monitoring with automated alerts."
osm_923955960,Pune Industrial Site 923955960,industrial,18.7029259,73.6471671,Pune,Maharashtra,India,9.551585982448739,133.06091170519625,178.84178324168624,High,"Industrial site is high-risk. Install SO2 scrubbers and ESP filters, upgrade baghouse maintenance cadence to weekly, and deploy continuous emissions monitoring with automated alerts."
osm_1158262462,Pune Industrial Site 1158262462,industrial,18.7974937,73.8086628,Pune,Maharashtra,India,9.542297757418192,133.67291711352038,152.46314038487145,High,"Industrial site is high-risk. Install SO2 scrubbers and ESP filters, upgrade baghouse maintenance cadence to weekly, and deploy continuous emissions monitoring with automated alerts."
osm_408808598,Anant Industrial Estate,industrial,18.4460247,73.8198617,Pune,Maharashtra,India,9.524270296538234,135.43592126373437,167.3942662500998,High,"Industrial site is high-risk. Install SO2 scrubbers and ESP filters, upgrade baghouse maintenance cadence to weekly, and deploy continuous emissions monitoring with automated alerts."
osm_923959272,Pune Industrial Site 923959272,works,18.4947917,74.0156248,Pune,Maharashtra,India,9.50974021813558,150.0674215866335,157.36309486504254,High,"Works site is high-risk. Install SO2 scrubbers and ESP filters, upgrade baghouse maintenance cadence to weekly, and deploy continuous emissions monitoring with automated alerts."
osm_13040957000,Shree Heat Exchangers,works,18.4510371,73.7977465,Pune,Maharashtra,India,9.481932622501843,119.8423777341967,204.11919778745468,High,"Works site is high-risk. Install SO2 scrubbers and ESP filters, upgrade baghouse maintenance cadence to weekly, and deploy continuous emissions monitoring with automated alerts."
osm_971322221,Pune Industrial Site 971322221,works,18.6699982,74.0938662,Pune,Maharashtra,India,9.399796488356248,149.61228254560604,126.48612837936592,High,"Works site is high-risk. Install SO2 scrubbers and ESP filters, upgrade baghouse maintenance cadence to weekly, and deploy continuous emissions monitoring with automated alerts."
osm_748967099,IOCL,industrial,18.742992,73.9067235,Pune,Maharashtra,India,9.398677699488614,113.4264019020367,201.86225072783608,High,"Industrial site is high-risk. Install SO2 scrubbers and ESP filters, upgrade baghouse maintenance cadence to weekly, and deploy continuous emissions monitoring with automated alerts."
osm_971322218,Pune Industrial Site 971322218,works,18.67189,74.0882,Pune,Maharashtra,India,9.333760859112628,145.0884707956254,152.68138469075984,High,"Works site is high-risk. Install SO2 scrubbers and ESP filters, upgrade baghouse maintenance cadence to weekly, and deploy continuous emissions monitoring with automated alerts."
osm_6501779295,RMC Ready Mix Concrete Supplier,works,18.5842257,73.7308293,Pune,Maharashtra,India,9.32282809416423,123.8549471834743,181.45178358776565,High,"Works site is high-risk. Install SO2 scrubbers and ESP filters, upgrade baghouse maintenance cadence to weekly, and deploy continuous emissions monitoring with automated alerts."
osm_910397578,Pune Industrial Site 910397578,works,18.2755676,74.1739572,Pune,Maharashtra,India,9.17223738246119,155.88768146758542,118.29953845836856,High,"Works site is high-risk. Install SO2 scrubbers and ESP filters, upgrade baghouse maintenance cadence to weekly, and deploy continuous emissions monitoring with automated alerts."
osm_3660262370,DRAN,industrial,18.4427897,73.8205821,Pune,Maharashtra,India,9.143490791369551,131.87936023033637,159.21753324870616,High,"Industrial site is high-risk. Install SO2 scrubbers and ESP filters, upgrade baghouse maintenance cadence to weekly, and deploy continuous emissions monitoring with automated alerts."
osm_1158249832,Pune Industrial Site 1158249832,industrial,18.178708,74.6065235,Pune,Maharashtra,India,9.081279417644781,133.20542667821152,161.90683462171776,High,"Industrial site is high-risk. Install SO2 scrubbers and ESP filters, upgrade baghouse maintenance cadence to weekly, and deploy continuous emissions monitoring with automated alerts."
osm_910115654,Pune Industrial Site 910115654,industrial,18.6909172,73.7992187,Pune,Maharashtra,India,9.073344840160475,145.07917344543438,148.22324179768498,High,"Industrial site is high-risk. Install SO2 scrubbers and ESP filters, upgrade baghouse maintenance cadence to weekly, and deploy continuous emissions monitoring with automated alerts."
osm_1459191925,Pune Industrial Site 1459191925,works,18.4752615,73.8521045,Pune,Maharashtra,India,9.022898976444884,93.1176107213588,219.55684611109476,High,"Works site is high-risk. Install SO2 scrubbers and ESP filters, upgrade baghouse maintenance cadence to weekly, and deploy continuous emissions monitoring with automated alerts."
osm_1158262445,Pune Industrial Site 1158262445,industrial,18.7814048,73.7848877,Pune,Maharashtra,India,9.010677296797526,125.71152278609635,161.31308500536704,High,"Industrial site is high-risk. Install SO2 scrubbers and ESP filters, upgrade baghouse maintenance cadence to weekly, and deploy continuous emissions monitoring with automated alerts."
osm_771408365,Pune Industrial Site 771408365,works,18.2068317,74.6071338,Pune,Maharashtra,India,9.001142715608685,104.90740058034964,188.80318224184848,High,"Works site is high-risk. Install SO2 scrubbers and ESP filters, upgrade baghouse maintenance cadence to weekly, and deploy continuous emissions monitoring with automated alerts."
osm_910075324,Pune Industrial Site 910075324,industrial,18.4434385,74.3681422,Pune,Maharashtra,India,8.994894164076783,128.3804019545852,156.30100399485036,High,"Industrial site is high-risk. Install SO2 scrubbers and ESP filters, upgrade baghouse maintenance cadence to weekly, and deploy continuous emissions monitoring with automated alerts."
osm_910397580,Pune Industrial Site 910397580,works,18.2753264,74.1768122,Pune,Maharashtra,India,8.990779113012433,119.06783695781544,164.57503239016012,High,"Works site is high-risk. Install SO2 scrubbers and ESP filters, upgrade baghouse maintenance cadence to weekly, and deploy continuous emissions monitoring with automated alerts."
osm_1476067294,Pune Industrial Site 1476067294,industrial,18.7569793,73.8238871,Pune,Maharashtra,India,8.98846460678844,132.96052370123456,164.79159714020932,High,"Industrial site is high-risk. Install SO2 scrubbers and ESP filters, upgrade baghouse maintenance cadence to weekly, and deploy continuous emissions monitoring with automated alerts."
osm_801923736,Pune Industrial Site 801923736,works,18.5986221,73.7220228,Pune,Maharashtra,India,8.964060345837604,116.5054043012366,168.40572476302165,High,"Works site is high-risk. Install SO2 scrubbers and ESP filters, upgrade baghouse maintenance cadence to weekly, and deploy continuous emissions monitoring with automated alerts."
osm_1338764023,SPPU Test Center,depot,18.5498993,73.8307178,Pune,Maharashtra,India,8.933600365612833,115.08011539677406,180.806178052733,High,"Depot site is high-risk. Install SO2 scrubbers and ESP filters, upgrade baghouse maintenance cadence to weekly, and deploy continuous emissions monitoring with automated alerts."
osm_677812023,Balewadi Bus Depot,depot,18.5732154,73.7650647,Pune,Maharashtra,India,8.901006121704329,83.29403396754432,198.50200676145312,High,"Depot site is high-risk. Install SO2 scrubbers and ESP filters, upgrade baghouse maintenance cadence to weekly, and deploy continuous emissions monitoring with automated alerts."
osm_636902138,Pune Industrial Site 636902138,industrial,18.7806203,73.8270763,Pune,Maharashtra,India,8.810154862515024,139.3940059257601,175.70920243908077,High,"Industrial site is high-risk. Install SO2 scrubbers and ESP filters, upgrade baghouse maintenance cadence to weekly, and deploy continuous emissions monitoring with automated alerts."
osm_923955948,Pune Industrial Site 923955948,works,18.7781517,74.2781542,Pune,Maharashtra,India,8.777009618164175,134.19938183911867,132.65716621413642,High,"Works site is high-risk. Install SO2 scrubbers and ESP filters, upgrade baghouse maintenance cadence to weekly, and deploy continuous emissions monitoring with automated alerts."
osm_910138021,Pune Industrial Site 910138021,works,18.1855144,74.9208462,Pune,Maharashtra,India,8.681735016463593,107.66726488750952,199.42977449876756,High,"Works site is high-risk. Install SO2 scrubbers and ESP filters, upgrade baghouse maintenance cadence to weekly, and deploy continuous emissions monitoring with automated alerts."
osm_910115612,Pune Industrial Site 910115612,works,18.7978099,73.809418,Pune,Maharashtra,India,8.678195627948856,112.3642247831075,156.48498201425195,High,"Works site is high-risk. Install SO2 scrubbers and ESP filters, upgrade baghouse maintenance cadence to weekly, and deploy continuous emissions monitoring with automated alerts."
osm_12383880038,yerwada hot mix plant,works,18.5505338,73.8797379,Pune,Maharashtra,India,8.65996334747732,138.8103752997818,116.5404686613222,High,"Works site is high-risk. Install SO2 scrubbers and ESP filters, upgrade baghouse maintenance cadence to weekly, and deploy continuous emissions monitoring with automated alerts."
osm_655105067,Pune Industrial Site 655105067,industrial,18.7976722,74.3038456,Pune,Maharashtra,India,8.64458021771256,114.41787826038598,170.44765482994364,High,"Industrial site is high-risk. Install SO2 scrubbers and ESP filters, upgrade baghouse maintenance cadence to weekly, and deploy continuous emissions monitoring with automated alerts."
osm_215535676,Pune Industrial Site 215535676,industrial,18.5021617,73.8184973,Pune,Maharashtra,India,8.59871196246565,114.86969296270767,156.28831836352737,High,"Industrial site is high-risk. Install SO2 scrubbers and ESP filters, upgrade baghouse maintenance cadence to weekly, and deploy continuous emissions monitoring with automated alerts."
osm_1476365454,Pune Industrial Site 1476365454,industrial,18.8457551,73.8756912,Pune,Maharashtra,India,8.589515645687094,108.55291213241594,180.16633464194652,High,"Industrial site is high-risk. Install SO2 scrubbers and ESP filters, upgrade baghouse maintenance cadence to weekly, and deploy continuous emissions monitoring with automated alerts."
osm_788970296,Pune Industrial Site 788970296,works,18.6543559,74.080325,Pune,Maharashtra,India,8.584621731395693,124.89839512018916,150.39544897649813,High,"Works site is high-risk. Install SO2 scrubbers and ESP filters, upgrade baghouse maintenance cadence to weekly, and deploy continuous emissions monitoring with automated alerts."
osm_683231808,Pune Industrial Site 683231808,industrial,18.4664925,74.5552805,Pune,Maharashtra,India,8.576681481896458,99.09466678529752,173.48526065195838,High,"Industrial site is high-risk. Install SO2 scrubbers and ESP filters, upgrade baghouse maintenance cadence to weekly, and deploy continuous emissions monitoring with automated alerts."
osm_1158262425,Pune Industrial Site 1158262425,industrial,18.8014904,73.6858338,Pune,Maharashtra,India,8.574053381234517,111.9625228959096,171.68067834447444,High,"Industrial site is high-risk. Install SO2 scrubbers and ESP filters, upgrade baghouse maintenance cadence to weekly, and deploy continuous emissions monitoring with automated alerts."
osm_627097568,Poultry Hatcheries,industrial,18.3538177,74.6917481,Pune,Maharashtra,India,8.54660728207593,99.14217696858717,160.0127068187855,High,"Industrial site is high-risk. Install SO2 scrubbers and ESP filters, upgrade baghouse maintenance cadence to weekly, and deploy continuous emissions monitoring with automated alerts."
osm_910115625,Pune Industrial Site 910115625,industrial,18.7603615,73.7891509,Pune,Maharashtra,India,8.527787953903234,107.8173359224378,158.78623814339065,High,"Industrial site is high-risk. Install SO2 scrubbers and ESP filters, upgrade baghouse maintenance cadence to weekly, and deploy continuous emissions monitoring with automated alerts."
osm_206488874,Pune Industrial Site 206488874,industrial,18.5098799,73.6984449,Pune,Maharashtra,India,8.52518312644858,115.07124477593237,165.48142785287024,High,"Industrial site is high-risk. Install SO2 scrubbers and ESP filters, upgrade baghouse maintenance cadence to weekly, and deploy continuous emissions monitoring with automated alerts."
osm_1260631475,Pune Industrial Site 1260631475,industrial,18.3761826,74.4665749,Pune,Maharashtra,India,8.514743838697685,109.04045460009964,159.87629076546418,High,"Industrial site is high-risk. Install SO2 scrubbers and ESP filters, upgrade baghouse maintenance cadence to weekly, and deploy continuous emissions monitoring with automated alerts."
osm_342875880,Pune Industrial Site 342875880,industrial,18.6458803,73.7825192,Pune,Maharashtra,India,8.51216373079936,110.22267426030504,161.26942140326122,High,"Industrial site is high-risk. Install SO2 scrubbers and ESP filters, upgrade baghouse maintenance cadence to weekly, and deploy continuous emissions monitoring with automated alerts."
osm_910115736,Pune Industrial Site 910115736,works,18.412716,74.5008646,Pune,Maharashtra,India,8.486394748746143,98.98118537201502,173.1576438914023,High,"Works site is high-risk. Install SO2 scrubbers and ESP filters, upgrade baghouse maintenance cadence to weekly, and deploy continuous emissions monitoring with automated alerts."
osm_910115752,Pune Industrial Site 910115752,works,18.4030979,74.542401,Pune,Maharashtra,India,8.480950481870488,120.7490027257207,153.36074506597197,High,"Works site is high-risk. Install SO2 scrubbers and ESP filters, upgrade baghouse maintenance cadence to weekly, and deploy continuous emissions monitoring with automated alerts."
osm_923955949,Pune Industrial Site 923955949,works,18.7730611,74.270876,Pune,Maharashtra,India,8.470131656959103,129.9780677360245,146.91589804713155,High,"Works site is high-risk. Install SO2 scrubbers and ESP filters, upgrade baghouse maintenance cadence to weekly, and deploy continuous emissions monitoring with automated alerts."
osm_789051597,Pune Industrial Site 789051597,works,18.2630012,74.1772413,Pune,Maharashtra,India,8.444141523132835,121.54235614254227,145.93092921548688,High,"Works site is high-risk. Install SO2 scrubbers and ESP filters, upgrade baghouse maintenance cadence to weekly, and deploy continuous emissions monitoring with automated alerts."
osm_971322178,Pune Industrial Site 971322178,works,18.661836,73.9615555,Pune,Maharashtra,India,8.43055215527877,121.31287630424096,145.78797166210697,High,"Works site is high-risk. Install SO2 scrubbers and ESP filters, upgrade baghouse maintenance cadence to weekly, and deploy continuous emissions monitoring with automated alerts."
osm_1270328221,Pune Industrial Site 1270328221,industrial,18.4599871,73.7675328,Pune,Maharashtra,India,8.371379485784896,125.74576054575454,137.75333400561863,High,"Industrial site is high-risk. Install SO2 scrubbers and ESP filters, upgrade baghouse maintenance cadence to weekly, and deploy continuous emissions monitoring with automated alerts."
osm_1158262430,Pune Industrial Site 1158262430,industrial,18.7917755,73.7042512,Pune,Maharashtra,India,8.351220283659671,86.84121174980133,170.78600331977793,High,"Industrial site is high-risk. Install SO2 scrubbers and ESP filters, upgrade baghouse maintenance cadence to weekly, and deploy continuous emissions monitoring with automated alerts."
osm_910138018,Pune Industrial Site 910138018,works,18.1786782,74.9159608,Pune,Maharashtra,India,8.33099028022528,114.30606062142932,147.67445314308534,High,"Works site is high-risk. Install SO2 scrubbers and ESP filters, upgrade baghouse maintenance cadence to weekly, and deploy continuous emissions monitoring with automated alerts."
osm_342502161,Emuge India,works,18.3487872,73.810062,Pune,Maharashtra,India,8.327984730626913,131.92379313090055,143.34487973651702,High,"Works site is high-risk. Install SO2 scrubbers and ESP filters, upgrade baghouse maintenance cadence to weekly, and deploy continuous emissions monitoring with automated alerts."
osm_971325206,Pune Industrial Site 971325206,industrial,18.6445375,74.0659302,Pune,Maharashtra,India,8.320397127315745,99.71011483443077,166.3413522372274,High,"Industrial site is high-risk. Install SO2 scrubbers and ESP filters, upgrade baghouse maintenance cadence to weekly, and deploy continuous emissions monitoring with automated alerts."
osm_11909576683,S. S. P. Enterprises,works,18.4974993,73.9185285,Pune,Maharashtra,India,8.307603526003499,116.74663319843937,134.9295428186022,High,"Works site is high-risk. Install SO2 scrubbers and ESP filters, upgrade baghouse maintenance cadence to weekly, and deploy continuous emissions monitoring with automated alerts."
osm_597471853,GM,industrial,18.786519,73.6892399,Pune,Maharashtra,India,8.263224785880839,75.49903155314152,198.7031163701998,High,"Industrial site is high-risk. Install SO2 scrubbers and ESP filters, upgrade baghouse maintenance cadence to weekly, and deploy continuous emissions monitoring with automated alerts."
osm_923955962,Pune Industrial Site 923955962,industrial,18.710879,73.6481528,Pune,Maharashtra,India,8.236808786723055,101.82241495996391,168.77961503371293,High,"Industrial site is high-risk. Install SO2 scrubbers and ESP filters, upgrade baghouse maintenance cadence to weekly, and deploy continuous emissions monitoring with automated alerts."
osm_1158262420,Pune Industrial Site 1158262420,industrial,18.7719988,73.8184368,Pune,Maharashtra,India,8.22788855890699,85.4321150707808,190.1163470883399,High,"Industrial site is high-risk. Install SO2 scrubbers and ESP filters, upgrade baghouse maintenance cadence to weekly, and deploy continuous emissions monitoring with automated alerts."
osm_910115622,Pune Industrial Site 910115622,industrial,18.7530941,73.7843487,Pune,Maharashtra,India,8.21461072197803,127.31523287679067,140.38637144758974,High,"Industrial site is high-risk. Install SO2 scrubbers and ESP filters, upgrade baghouse maintenance cadence to weekly, and deploy continuous emissions monitoring with automated alerts."
osm_13644303337,Cafvd Depot,works,18.5743593,73.8584368,Pune,Maharashtra,India,8.18271544429284,115.12894489427313,140.78942737320094,High,"Works site is high-risk. Install SO2 scrubbers and ESP filters, upgrade baghouse maintenance cadence to weekly, and deploy continuous emissions monitoring with automated alerts."
osm_971322186,Pune Industrial Site 971322186,works,18.668598,73.9200845,Pune,Maharashtra,India,8.174970449356103,120.095587147858,134.55964241253105,High,"Works site is high-risk. Install SO2 scrubbers and ESP filters, upgrade baghouse maintenance cadence to weekly, and deploy continuous emissions monitoring with automated alerts."
osm_871042014,Reliance Fuel Pump Station,industrial,18.6365334,74.3818069,Pune,Maharashtra,India,8.166827297633155,98.07536729782548,157.64049218145905,High,"Industrial site is high-risk. Install SO2 scrubbers and ESP filters, upgrade baghouse maintenance cadence to weekly, and deploy continuous emissions monitoring with automated alerts."
osm_1476067295,Pune Industrial Site 1476067295,industrial,18.7562428,73.815009,Pune,Maharashtra,India,8.166115145573011,111.55805193096162,122.70893392037434,High,"Industrial site is high-risk. Install SO2 scrubbers and ESP filters, upgrade baghouse maintenance cadence to weekly, and deploy continuous emissions monitoring with automated alerts."
osm_971322208,Pune Industrial Site 971322208,industrial,18.8355031,73.9978766,Pune,Maharashtra,India,8.09153513297729,93.12709923413554,161.2403810369234,High,"Industrial site is high-risk. Install SO2 scrubbers and ESP filters, upgrade baghouse maintenance cadence to weekly, and deploy continuous emissions monitoring with automated alerts."
osm_971353616,Pune Industrial Site 971353616,works,18.5757086,74.0149756,Pune,Maharashtra,India,8.07197777793686,76.17660287750012,195.2789365526068,High,"Works site is high-risk. Install SO2 scrubbers and ESP filters, upgrade baghouse maintenance cadence to weekly, and deploy continuous emissions monitoring with automated alerts."
osm_669174142,Pune Industrial Site 669174142,works,18.7908537,74.2939573,Pune,Maharashtra,India,8.07051140060687,84.28292723599583,189.70227613425052,High,"Works site is high-risk. Install SO2 scrubbers and ESP filters, upgrade baghouse maintenance cadence to weekly, and deploy continuous emissions monitoring with automated alerts."
osm_910138032,Pune Industrial Site 910138032,industrial,18.10863,74.2599968,Pune,Maharashtra,India,8.0579843508955,126.7741192315844,137.77836562308562,High,"Industrial site is high-risk. Install SO2 scrubbers and ESP filters, upgrade baghouse maintenance cadence to weekly, and deploy continuous emissions monitoring with automated alerts."
osm_237222431,Pune Industrial Site 237222431,industrial,18.2423794,74.7555364,Pune,Maharashtra,India,8.057899985849767,96.48031701962563,174.94485656885874,High,"Industrial site is high-risk. Install SO2 scrubbers and ESP filters, upgrade baghouse maintenance cadence to weekly, and deploy continuous emissions monitoring with automated alerts."
osm_198116080,Pune Industrial Site 198116080,industrial,19.214581,73.8681678,Pune,Maharashtra,India,8.056844842051609,92.58017228458512,200.91136503062287,High,"Industrial site is high-risk. Install SO2 scrubbers and ESP filters, upgrade baghouse maintenance cadence to weekly, and deploy continuous emissions monitoring with automated alerts."
osm_6501779293,SI Interpack Unit 3,works,18.5830969,73.7316902,Pune,Maharashtra,India,8.055977252719028,110.67348008529488,142.6223448920951,High,"Works site is high-risk. Install SO2 scrubbers and ESP filters, upgrade baghouse maintenance cadence to weekly, and deploy continuous emissions monitoring with automated alerts."
osm_652015864,Bitwise,industrial,18.5568704,73.7693739,Pune,Maharashtra,India,8.046876201901812,106.77342728820535,153.83337681804616,High,"Industrial site is high-risk. Install SO2 scrubbers and ESP filters, upgrade baghouse maintenance cadence to weekly, and deploy continuous emissions monitoring with automated alerts."
osm_191050981,Mahindra Vehicle Manufacturers Limited (MVML),industrial,18.7236489,73.8033625,Pune,Maharashtra,India,8.046239373676016,110.85703167617942,137.81805431638517,High,"Industrial site is high-risk. Install SO2 scrubbers and ESP filters, upgrade baghouse maintenance cadence to weekly, and deploy continuous emissions monitoring with automated alerts."
osm_789074805,Pune Industrial Site 789074805,works,18.257086,74.1739399,Pune,Maharashtra,India,8.041734957787126,103.9772192455239,159.58642807269786,High,"Works site is high-risk. Install SO2 scrubbers and ESP filters, upgrade baghouse maintenance cadence to weekly, and deploy continuous emissions monitoring with automated alerts."
osm_999353825,Shirsuphal,industrial,18.3153724,74.5685132,Pune,Maharashtra,India,8.03994927991661,108.61501537138598,154.0228665820175,High,"Industrial site is high-risk. Install SO2 scrubbers and ESP filters, upgrade baghouse maintenance cadence to weekly, and deploy continuous emissions monitoring with automated alerts."
osm_1103135630,Pune Industrial Site 1103135630,industrial,18.510393,73.7714529,Pune,Maharashtra,India,8.02597296056463,98.20320623606229,166.13496928984085,High,"Industrial site is high-risk. Install SO2 scrubbers and ESP filters, upgrade baghouse maintenance cadence to weekly, and deploy continuous emissions monitoring with automated alerts."
osm_13144484739,Sandhu Roadlines (Workshop 3),depot,18.7219171,73.9881636,Pune,Maharashtra,India,8.019123436460523,96.27535963050532,166.72733663606007,High,"Depot site is high-risk. Install SO2 scrubbers and ESP filters, upgrade baghouse maintenance cadence to weekly, and deploy continuous emissions monitoring with automated alerts."
osm_923955942,Pune Industrial Site 923955942,industrial,18.8051974,74.3332493,Pune,Maharashtra,India,8.006816897966115,90.02109318198477,172.62415996187173,High,"Industrial site is high-risk. Install SO2 scrubbers and ESP filters, upgrade baghouse maintenance cadence to weekly, and deploy continuous emissions monitoring with automated alerts."
osm_1411070092,Ecozen Solutions Pvt Ltd,industrial,18.6256033,73.7458334,Pune,Maharashtra,India,8.006345028775332,79.58222487032023,199.5126949185405,High,"Industrial site is high-risk. Install SO2 scrubbers and ESP filters, upgrade baghouse maintenance cadence to weekly, and deploy continuous emissions monitoring with automated alerts."
osm_641714730,Pune Industrial Site 641714730,industrial,18.797212,73.7852405,Pune,Maharashtra,India,7.993373258558353,112.12843786284432,128.3355833308213,High,"Industrial site is high-risk. Install SO2 scrubbers and ESP filters, upgrade baghouse maintenance cadence to weekly, and deploy continuous emissions monitoring with automated alerts."
osm_910115673,Pune Industrial Site 910115673,works,18.6537612,73.8029015,Pune,Maharashtra,India,7.99054489403006,80.59265872243267,201.31891879115037,High,"Works site is high-risk. Install SO2 scrubbers and ESP filters, upgrade baghouse maintenance cadence to weekly, and deploy continuous emissions monitoring with automated alerts."
osm_237621725,Pune Industrial Site 237621725,industrial,18.6425651,73.8367526,Pune,Maharashtra,India,7.987877678282001,108.55261596164296,133.04707376405884,High,"Industrial site is high-risk. Install SO2 scrubbers and ESP filters, upgrade baghouse maintenance cadence to weekly, and deploy continuous emissions monitoring with automated alerts."
osm_221176477,Pune Industrial Site 221176477,industrial,18.718509,73.6412279,Pune,Maharashtra,India,7.983801977203456,106.0243366349412,140.35038617526206,High,"Industrial site is high-risk. Install SO2 scrubbers and ESP filters, upgrade baghouse maintenance cadence to weekly, and deploy continuous emissions monitoring with automated alerts."
osm_1158262465,Pune Industrial Site 1158262465,industrial,18.7912627,73.7627274,Pune,Maharashtra,India,7.9763033314350835,82.67072377675808,161.61504331466207,High,"Industrial site is high-risk. Install SO2 scrubbers and ESP filters, upgrade baghouse maintenance cadence to weekly, and deploy continuous emissions monitoring with automated alerts."
osm_971322246,Pune Industrial Site 971322246,industrial,18.7673476,74.2434691,Pune,Maharashtra,India,7.970313238543284,106.16985148631132,150.0818646307199,High,"Industrial site is high-risk. Install SO2 scrubbers and ESP filters, upgrade baghouse maintenance cadence to weekly, and deploy continuous emissions monitoring with automated alerts."
osm_964818211,Pune Industrial Site 964818211,industrial,18.6397663,73.6830471,Pune,Maharashtra,India,7.951866722684663,85.97520043093864,171.03194295745493,High,"Industrial site is high-risk. Install SO2 scrubbers and ESP filters, upgrade baghouse maintenance cadence to weekly, and deploy continuous emissions monitoring with automated alerts."
osm_910115620,Pune Industrial Site 910115620,industrial,18.752941,73.7736359,Pune,Maharashtra,India,7.8981451054417064,102.51136475576703,149.44961889743914,High,"Industrial site is high-risk. Install SO2 scrubbers and ESP filters, upgrade baghouse maintenance cadence to weekly, and deploy continuous emissions monitoring with automated alerts."
osm_789051587,Pune Industrial Site 789051587,works,18.2738687,74.1766789,Pune,Maharashtra,India,7.8851451913842325,87.6838710390403,170.53357781300127,High,"Works site is high-risk. Install SO2 scrubbers and ESP filters, upgrade baghouse maintenance cadence to weekly, and deploy continuous emissions monitoring with automated alerts."
osm_815643883,Pune Industrial Site 815643883,industrial,18.7084551,73.568273,Pune,Maharashtra,India,7.883757540822373,109.7361124801548,130.9179283817348,High,"Industrial site is high-risk. Install SO2 scrubbers and ESP filters, upgrade baghouse maintenance cadence to weekly, and deploy continuous emissions monitoring with automated alerts."
osm_636902135,Schindler,industrial,18.8010156,73.7906619,Pune,Maharashtra,India,7.88203162783264,107.41610917809639,148.6652593533548,High,"Industrial site is high-risk. Install SO2 scrubbers and ESP filters, upgrade baghouse maintenance cadence to weekly, and deploy continuous emissions monitoring with automated alerts."
osm_971322206,Pune Industrial Site 971322206,industrial,18.8373893,73.9934536,Pune,Maharashtra,India,7.842222918801388,88.74998112371512,166.86256537889977,High,"Industrial site is high-risk. Install SO2 scrubbers and ESP filters, upgrade baghouse maintenance cadence to weekly, and deploy continuous emissions monitoring with automated alerts."
osm_971322254,Pune Industrial Site 971322254,works,18.7859018,74.2692122,Pune,Maharashtra,India,7.837242357755932,83.21088113257925,167.88658844671156,High,"Works site is high-risk. Install SO2 scrubbers and ESP filters, upgrade baghouse maintenance cadence to weekly, and deploy continuous emissions monitoring with automated alerts."
osm_1488580796,Pune Metro Purple Line Depot Range Hills,depot,18.5400938,73.8487473,Pune,Maharashtra,India,7.827321535323977,103.50997550569795,151.63815938687742,High,"Depot site is high-risk. Install SO2 scrubbers and ESP filters, upgrade baghouse maintenance cadence to weekly, and deploy continuous emissions monitoring with automated alerts."
osm_971322190,Pune Industrial Site 971322190,industrial,18.7009379,73.919355,Pune,Maharashtra,India,7.823833864085247,103.99456525551108,130.62381334259103,High,"Industrial site is high-risk. Install SO2 scrubbers and ESP filters, upgrade baghouse maintenance cadence to weekly, and deploy continuous emissions monitoring with automated alerts."
osm_1166179927,Kandali MIDC,factory,19.1535557,74.0430122,Pune,Maharashtra,India,7.823706822371747,91.15930364294356,155.87240733618543,High,"Factory site is high-risk. Install SO2 scrubbers and ESP filters, upgrade baghouse maintenance cadence to weekly, and deploy continuous emissions monitoring with automated alerts."
osm_971322231,Pune Industrial Site 971322231,industrial,18.7229266,74.1940628,Pune,Maharashtra,India,7.800496958213595,88.74745578556976,172.42390140479216,High,"Industrial site is high-risk. Install SO2 scrubbers and ESP filters, upgrade baghouse maintenance cadence to weekly, and deploy continuous emissions monitoring with automated alerts."
osm_1103437781,Vanaz Depot,depot,18.5095244,73.8001034,Pune,Maharashtra,India,7.787187819978069,120.5049981926021,114.05087184948384,High,"Depot site is high-risk. Install SO2 scrubbers and ESP filters, upgrade baghouse maintenance cadence to weekly, and deploy continuous emissions monitoring with automated alerts."
osm_1158262457,Pune Industrial Site 1158262457,industrial,18.7249092,73.856573,Pune,Maharashtra,India,7.772479624134317,102.23946755979384,155.27637998643308,High,"Industrial site is high-risk. Install SO2 scrubbers and ESP filters, upgrade baghouse maintenance cadence to weekly, and deploy continuous emissions monitoring with automated alerts."
osm_971353625,Pune Industrial Site 971353625,industrial,18.5874697,74.0914992,Pune,Maharashtra,India,7.753599029454266,92.13725315333207,161.01477963984703,High,"Industrial site is high-risk. Install SO2 scrubbers and ESP filters, upgrade baghouse maintenance cadence to weekly, and deploy continuous emissions monitoring with automated alerts."
osm_910075327,Pune Industrial Site 910075327,industrial,18.421644,74.4553288,Pune,Maharashtra,India,7.748856122258581,115.71278623223792,121.46897780538552,High,"Industrial site is high-risk. Install SO2 scrubbers and ESP filters, upgrade baghouse maintenance cadence to weekly, and deploy continuous emissions monitoring with automated alerts."
osm_260477804,Hindustan Antibiotics,works,18.6200133,73.8082751,Pune,Maharashtra,India,7.712844597409985,107.48647016079254,126.29849865140628,High,"Works site is high-risk. Install SO2 scrubbers and ESP filters, upgrade baghouse maintenance cadence to weekly, and deploy continuous emissions monitoring with automated alerts."
osm_198020055,Pune Industrial Site 198020055,industrial,19.1978465,73.86743,Pune,Maharashtra,India,7.677777629632196,97.88613360301918,145.9903377562265,High,"Industrial site is high-risk. Install SO2 scrubbers and ESP filters, upgrade baghouse maintenance cadence to weekly, and deploy continuous emissions monitoring with automated alerts."
osm_1158262464,Pune Industrial Site 1158262464,industrial,18.7973617,73.7633915,Pune,Maharashtra,India,7.642076499394208,80.49344269574495,168.52596699801842,High,"Industrial site is high-risk. Install SO2 scrubbers and ESP filters, upgrade baghouse maintenance cadence to weekly, and deploy continuous emissions monitoring with automated alerts."
osm_1158249834,Pune Industrial Site 1158249834,industrial,18.1990604,74.602317,Pune,Maharashtra,India,7.627978311909774,105.08766720816136,128.64316437569823,High,"Industrial site is high-risk. Install SO2 scrubbers and ESP filters, upgrade baghouse maintenance cadence to weekly, and deploy continuous emissions monitoring with automated alerts."
osm_923955944,Pune Industrial Site 923955944,industrial,18.8095767,74.2931234,Pune,Maharashtra,India,7.605661174608288,107.52732587504192,140.4907534726893,High,"Industrial site is high-risk. Install SO2 scrubbers and ESP filters, upgrade baghouse maintenance cadence to weekly, and deploy continuous emissions monitoring with automated alerts."
osm_738721629,Anant Dairy Farms,works,18.2020358,73.938974,Pune,Maharashtra,India,7.551391214672563,99.01045529583574,154.8474592395769,High,"Works site is high-risk. Install SO2 scrubbers and ESP filters, upgrade baghouse maintenance cadence to weekly, and deploy continuous emissions monitoring with automated alerts."
osm_910115725,Pune Industrial Site 910115725,industrial,18.1905013,74.0414787,Pune,Maharashtra,India,7.527357598053267,91.81749063263136,182.0692930378551,High,"Industrial site is high-risk. Install SO2 scrubbers and ESP filters, upgrade baghouse maintenance cadence to weekly, and deploy continuous emissions monitoring with automated alerts."
osm_13144484737,Sandhu Roadlines (Workshop 1),depot,18.7285304,73.8597723,Pune,Maharashtra,India,7.518504704857538,111.92367533952192,114.60280555279961,High,"Depot site is high-risk. Install SO2 scrubbers and ESP filters, upgrade baghouse maintenance cadence to weekly, and deploy continuous emissions monitoring with automated alerts."
osm_789051591,Pune Industrial Site 789051591,industrial,18.2490049,74.1793062,Pune,Maharashtra,India,7.506289071601651,103.69681786411343,142.73064561106267,High,"Industrial site is high-risk. Install SO2 scrubbers and ESP filters, upgrade baghouse maintenance cadence to weekly, and deploy continuous emissions monitoring with automated alerts."
osm_1411818641,KNORR-BREMSE Technology Center India Private Limited,industrial,18.59601,73.7013465,Pune,Maharashtra,India,7.491002509073044,95.4547155177021,122.8600409857132,High,"Industrial site is high-risk. Install SO2 scrubbers and ESP filters, upgrade baghouse maintenance cadence to weekly, and deploy continuous emissions monitoring with automated alerts."
osm_1158262432,Pune Industrial Site 1158262432,industrial,18.8065279,73.7637519,Pune,Maharashtra,India,7.486090484064282,101.40017134888389,126.50696599592068,High,"Industrial site is high-risk. Install SO2 scrubbers and ESP filters, upgrade baghouse maintenance cadence to weekly, and deploy continuous emissions monitoring with automated alerts."
osm_910138038,Pune Industrial Site 910138038,industrial,18.3860263,74.4590154,Pune,Maharashtra,India,7.485476513536238,76.32681660109922,180.01072928871534,High,"Industrial site is high-risk. Install SO2 scrubbers and ESP filters, upgrade baghouse maintenance cadence to weekly, and deploy continuous emissions monitoring with automated alerts."
osm_658051836,Pune Industrial Site 658051836,industrial,18.2701054,74.1978595,Pune,Maharashtra,India,7.484753861128084,102.99745285813557,146.96959945724464,High,"Industrial site is high-risk. Install SO2 scrubbers and ESP filters, upgrade baghouse maintenance cadence to weekly, and deploy continuous emissions monitoring with automated alerts."
osm_1444705964,PMPL Bus Depot,depot,18.6246776,73.9179913,Pune,Maharashtra,India,7.480877892201744,101.87443900298057,150.56111046052928,High,"Depot site is high-risk. Install SO2 scrubbers and ESP filters, upgrade baghouse maintenance cadence to weekly, and deploy continuous emissions monitoring with automated alerts."
osm_971322239,Pune Industrial Site 971322239,industrial,18.7185268,74.1904064,Pune,Maharashtra,India,7.446933993229423,84.32662186575432,155.15227992089055,High,"Industrial site is high-risk. Install SO2 scrubbers and ESP filters, upgrade baghouse maintenance cadence to weekly, and deploy continuous emissions monitoring with automated alerts."
osm_910115739,Pune Industrial Site 910115739,works,18.409335,74.5071667,Pune,Maharashtra,India,7.426835612954404,95.37807296996051,137.46015064008017,High,"Works site is high-risk. Install SO2 scrubbers and ESP filters, upgrade baghouse maintenance cadence to weekly, and deploy continuous emissions monitoring with automated alerts."
osm_994644804,Pune Industrial Site 994644804,industrial,18.4777493,73.8322871,Pune,Maharashtra,India,7.399250517133088,86.74580146650365,126.19862204783284,High,"Industrial site is high-risk. Install SO2 scrubbers and ESP filters, upgrade baghouse maintenance cadence to weekly, and deploy continuous emissions monitoring with automated alerts."
osm_910115677,Pune Industrial Site 910115677,works,18.6491872,73.8246246,Pune,Maharashtra,India,7.328226467511939,99.33090050439866,113.6067957086016,High,"Works site is high-risk. Install SO2 scrubbers and ESP filters, upgrade baghouse maintenance cadence to weekly, and deploy continuous emissions monitoring with automated alerts."
osm_771408363,Pune Industrial Site 771408363,works,18.2186217,74.6016739,Pune,Maharashtra,India,7.305226516898687,120.75066760980572,78.87814723135448,High,"Works site is high-risk. Install SO2 scrubbers and ESP filters, upgrade baghouse maintenance cadence to weekly, and deploy continuous emissions monitoring with automated alerts."
osm_1270330416,Pune Industrial Site 1270330416,industrial,18.4593049,73.7677504,Pune,Maharashtra,India,7.295861050660296,112.19015752569966,102.38312755780025,High,"Industrial site is high-risk. Install SO2 scrubbers and ESP filters, upgrade baghouse maintenance cadence to weekly, and deploy continuous emissions monitoring with automated alerts."
osm_971322210,Pune Industrial Site 971322210,works,18.6969186,74.0769535,Pune,Maharashtra,India,7.264205958466822,76.51207285700227,172.22692908931822,High,"Works site is high-risk. Install SO2 scrubbers and ESP filters, upgrade baghouse maintenance cadence to weekly, and deploy continuous emissions monitoring with automated alerts."
osm_223642606,Pune Industrial Site 223642606,industrial,18.6832181,73.6038504,Pune,Maharashtra,India,7.253456480648116,107.74452610154727,92.25509107451883,High,"Industrial site is high-risk. Install SO2 scrubbers and ESP filters, upgrade baghouse maintenance cadence to weekly, and deploy continuous emissions monitoring with automated alerts."
osm_910397554,Pune Industrial Site 910397554,industrial,18.2206715,74.5909888,Pune,Maharashtra,India,7.242602092840937,65.2216526804275,187.07625090145473,High,"Industrial site is high-risk. Install SO2 scrubbers and ESP filters, upgrade baghouse maintenance cadence to weekly, and deploy continuous emissions monitoring with automated alerts."
osm_658051835,Pune Industrial Site 658051835,industrial,18.2617715,74.2142397,Pune,Maharashtra,India,7.238012800639922,91.81927496927344,121.78490177629452,High,"Industrial site is high-risk. Install SO2 scrubbers and ESP filters, upgrade baghouse maintenance cadence to weekly, and deploy continuous emissions monitoring with automated alerts."
osm_910138026,Pune Industrial Site 910138026,industrial,18.0938384,74.947075,Pune,Maharashtra,India,7.2270628338688745,68.88592309700459,179.1354090512521,High,"Industrial site is high-risk. Install SO2 scrubbers and ESP filters, upgrade baghouse maintenance cadence to weekly, and deploy continuous emissions monitoring with automated alerts."
osm_923959259,Pune Industrial Site 923959259,industrial,18.6947247,74.0752783,Pune,Maharashtra,India,7.222362696529417,88.82199349742851,147.10591347174972,High,"Industrial site is high-risk. Install SO2 scrubbers and ESP filters, upgrade baghouse maintenance cadence to weekly, and deploy continuous emissions monitoring with automated alerts."
osm_971322260,Pune Industrial Site 971322260,industrial,18.7838555,74.2599151,Pune,Maharashtra,India,7.202590454475177,113.09466652563997,119.51971996825998,High,"Industrial site is high-risk. Install SO2 scrubbers and ESP filters, upgrade baghouse maintenance cadence to weekly, and deploy continuous emissions monitoring with automated alerts."
osm_97699163,Tata Motors Limited,industrial,18.6522815,73.8181275,Pune,Maharashtra,India,7.202454803587204,73.74565128839288,155.5676468999323,High,"Industrial site is high-risk. Install SO2 scrubbers and ESP filters, upgrade baghouse maintenance cadence to weekly, and deploy continuous emissions monitoring with automated alerts."
osm_1123878678,BHEL,industrial,18.5793619,73.7988608,Pune,Maharashtra,India,7.17344639684771,96.9617583774139,124.94918199493134,High,"Industrial site is high-risk. Install SO2 scrubbers and ESP filters, upgrade baghouse maintenance cadence to weekly, and deploy continuous emissions monitoring with automated alerts."
osm_206488875,Pune Industrial Site 206488875,industrial,18.5026854,73.6739216,Pune,Maharashtra,India,7.169541582632664,109.60329057104585,109.31478357206701,High,"Industrial site is high-risk. Install SO2 scrubbers and ESP filters, upgrade baghouse maintenance cadence to weekly, and deploy continuous emissions monitoring with automated alerts."
osm_971353615,Pune Industrial Site 971353615,industrial,18.5729779,74.0087382,Pune,Maharashtra,India,7.167192501352774,91.92575124887053,149.21180087092384,High,"Industrial site is high-risk. Install SO2 scrubbers and ESP filters, upgrade baghouse maintenance cadence to weekly, and deploy continuous emissions monitoring with automated alerts."
osm_971353626,Pune Industrial Site 971353626,industrial,18.543659,74.1751103,Pune,Maharashtra,India,7.165908061659666,73.67607245399078,168.23032135414368,High,"Industrial site is high-risk. Install SO2 scrubbers and ESP filters, upgrade baghouse maintenance cadence to weekly, and deploy continuous emissions monitoring with automated alerts."
osm_13144484738,Sandhu Roadlines (Workshop 2),depot,18.7293443,73.9904827,Pune,Maharashtra,India,7.1650533546371395,83.4712961905557,141.91801353854177,High,"Depot site is high-risk. Install SO2 scrubbers and ESP filters, upgrade baghouse maintenance cadence to weekly, and deploy continuous emissions monitoring with automated alerts."
osm_910115735,Pune Industrial Site 910115735,works,18.4113992,74.4944871,Pune,Maharashtra,India,7.163404334709106,111.2923870958198,94.51089869646572,High,"Works site is high-risk. Install SO2 scrubbers and ESP filters, upgrade baghouse maintenance cadence to weekly, and deploy continuous emissions monitoring with automated alerts."
osm_1459717182,Pune Industrial Site 1459717182,factory,18.5457444,73.9151231,Pune,Maharashtra,India,7.1475629367940385,102.11858842169802,94.61587811256015,High,"Factory site is high-risk. Install SO2 scrubbers and ESP filters, upgrade baghouse maintenance cadence to weekly, and deploy continuous emissions monitoring with automated alerts."
osm_1266102061,Pune Industrial Site 1266102061,petroleum_terminal,18.4561802,74.0931039,Pune,Maharashtra,India,7.1405039216541,91.92156375189369,137.89910334593364,High,"Petroleum_Terminal site is high-risk. Install SO2 scrubbers and ESP filters, upgrade baghouse maintenance cadence to weekly, and deploy continuous emissions monitoring with automated alerts."
osm_13390692246,sparkle industry,works,18.5628142,74.1324056,Pune,Maharashtra,India,7.13433285110061,87.028205904653,174.74951648086272,High,"Works site is high-risk. Install SO2 scrubbers and ESP filters, upgrade baghouse maintenance cadence to weekly, and deploy continuous emissions monitoring with automated alerts."
osm_595942237,Tractor Plant,industrial,18.676069,74.1180107,Pune,Maharashtra,India,7.082920708815089,68.83843396075005,152.2725636351879,High,"Industrial site is high-risk. Install SO2 scrubbers and ESP filters, upgrade baghouse maintenance cadence to weekly, and deploy continuous emissions monitoring with automated alerts."
osm_638519840,Pune Industrial Site 638519840,industrial,18.7572933,73.7736641,Pune,Maharashtra,India,7.039164790300657,88.82719173287344,108.87036156489592,High,"Industrial site is high-risk. Install SO2 scrubbers and ESP filters, upgrade baghouse maintenance cadence to weekly, and deploy continuous emissions monitoring with automated alerts."
osm_292770490,Ramtekdi Industrial Estate,industrial,18.4960379,73.9194229,Pune,Maharashtra,India,7.037995005858871,96.54743323364691,130.86887068420037,High,"Industrial site is high-risk. Install SO2 scrubbers and ESP filters, upgrade baghouse maintenance cadence to weekly, and deploy continuous emissions monitoring with automated alerts."
osm_1158262438,Pune Industrial Site 1158262438,industrial,18.8021353,73.7343537,Pune,Maharashtra,India,7.036598463141355,53.0131692389176,188.02398152317795,High,"Industrial site is high-risk. Install SO2 scrubbers and ESP filters, upgrade baghouse maintenance cadence to weekly, and deploy continuous emissions monitoring with automated alerts."
osm_910115665,Pune Industrial Site 910115665,works,18.6584496,73.7965619,Pune,Maharashtra,India,7.025851217776516,90.73681715813332,118.9208435945244,High,"Works site is high-risk. Install SO2 scrubbers and ESP filters, upgrade baghouse maintenance cadence to weekly, and deploy continuous emissions monitoring with automated alerts."
osm_198117205,Pune Industrial Site 198117205,industrial,19.2240381,73.8323869,Pune,Maharashtra,India,7.013758887160151,105.9969701274036,92.22414915455447,High,"Industrial site is high-risk. Install SO2 scrubbers and ESP filters, upgrade baghouse maintenance cadence to weekly, and deploy continuous emissions monitoring with automated alerts."
osm_1476067296,Pune Industrial Site 1476067296,industrial,18.72054,73.8273578,Pune,Maharashtra,India,7.012697257593423,92.3979571611723,121.93493376360607,High,"Industrial site is high-risk. Install SO2 scrubbers and ESP filters, upgrade baghouse maintenance cadence to weekly, and deploy continuous emissions monitoring with automated alerts."
osm_923959257,Pune Industrial Site 923959257,industrial,18.6944592,74.0889269,Pune,Maharashtra,India,6.972961871945657,85.10214877983505,135.22181312198407,High,"Industrial site is high-risk. Install SO2 scrubbers and ESP filters, upgrade baghouse maintenance cadence to weekly, and deploy continuous emissions monitoring with automated alerts."
osm_1158262474,Pune Industrial Site 1158262474,industrial,18.803552,73.7184763,Pune,Maharashtra,India,6.958610849750444,64.8918309532411,155.66908768384917,High,"Industrial site is high-risk. Install SO2 scrubbers and ESP filters, upgrade baghouse maintenance cadence to weekly, and deploy continuous emissions monitoring with automated alerts."
osm_1002709427,Pune Industrial Site 1002709427,industrial,18.3117917,74.5998682,Pune,Maharashtra,India,6.956942849051404,93.91822328035136,122.25159404824787,High,"Industrial site is high-risk. Install SO2 scrubbers and ESP filters, upgrade baghouse maintenance cadence to weekly, and deploy continuous emissions monitoring with automated alerts."
osm_251878752,Ayurveda Rasashala,industrial,18.5108594,73.8373457,Pune,Maharashtra,India,6.946952153887795,111.76064384821616,70.89610685332462,High,"Industrial site is high-risk. Install SO2 scrubbers and ESP filters, upgrade baghouse maintenance cadence to weekly, and deploy continuous emissions monitoring with automated alerts."
osm_724434049,Pune Industrial Site 724434049,works,18.1934737,74.6163948,Pune,Maharashtra,India,6.94634645005132,86.82028112618627,111.85940578349944,High,"Works site is high-risk. Install SO2 scrubbers and ESP filters, upgrade baghouse maintenance cadence to weekly, and deploy continuous emissions monitoring with automated alerts."
osm_910138044,Pune Industrial Site 910138044,works,18.3958725,74.5271446,Pune,Maharashtra,India,6.9423012142113745,86.36294720255026,132.38210167904577,High,"Works site is high-risk. Install SO2 scrubbers and ESP filters, upgrade baghouse maintenance cadence to weekly, and deploy continuous emissions monitoring with automated alerts."
osm_724434048,Pune Industrial Site 724434048,works,18.1799051,74.5938403,Pune,Maharashtra,India,6.9382366026251905,83.87176133479872,140.19204144318644,High,"Works site is high-risk. Install SO2 scrubbers and ESP filters, upgrade baghouse maintenance cadence to weekly, and deploy continuous emissions monitoring with automated alerts."
osm_1148401701,Daund Sugars,industrial,18.4280999,74.6341441,Pune,Maharashtra,India,6.922703598103039,78.0111328980057,105.5092174611049,High,"Industrial site is high-risk. Install SO2 scrubbers and ESP filters, upgrade baghouse maintenance cadence to weekly, and deploy continuous emissions monitoring with automated alerts."
osm_275688196,Pune Industrial Site 275688196,industrial,18.1135607,74.509958,Pune,Maharashtra,India,6.902454155683905,88.32338388829079,132.67404515153268,High,"Industrial site is high-risk. Install SO2 scrubbers and ESP filters, upgrade baghouse maintenance cadence to weekly, and deploy continuous emissions monitoring with automated alerts."
osm_1158262444,Pune Industrial Site 1158262444,industrial,18.7715823,73.755126,Pune,Maharashtra,India,6.897605291230097,106.07743819145458,97.327933444544,High,"Industrial site is high-risk. Install SO2 scrubbers and ESP filters, upgrade baghouse maintenance cadence to weekly, and deploy continuous emissions monitoring with automated alerts."
osm_491270597,Pune Industrial Site 491270597,industrial,18.6671438,73.9569475,Pune,Maharashtra,India,6.893954497578575,82.77661837424361,106.08309102036574,High,"Industrial site is high-risk. Install SO2 scrubbers and ESP filters, upgrade baghouse maintenance cadence to weekly, and deploy continuous emissions monitoring with automated alerts."
osm_923959273,Pune Industrial Site 923959273,industrial,18.4921793,74.0151273,Pune,Maharashtra,India,6.866446610005469,77.55842172940208,148.55809269340108,High,"Industrial site is high-risk. Install SO2 scrubbers and ESP filters, upgrade baghouse maintenance cadence to weekly, and deploy continuous emissions monitoring with automated alerts."
osm_627097573,Pune Industrial Site 627097573,industrial,18.3442481,74.6850572,Pune,Maharashtra,India,6.862082101425376,76.52288269364902,139.9373306850493,High,"Industrial site is high-risk. Install SO2 scrubbers and ESP filters, upgrade baghouse maintenance cadence to weekly, and deploy continuous emissions monitoring with automated alerts."
osm_910115703,Pune Industrial Site 910115703,industrial,18.4471605,73.974575,Pune,Maharashtra,India,6.841776844865411,81.015787044405,127.7880578180724,High,"Industrial site is high-risk. Install SO2 scrubbers and ESP filters, upgrade baghouse maintenance cadence to weekly, and deploy continuous emissions monitoring with automated alerts."
osm_636902139,Volkswagen India Private Limited,industrial,18.7487248,73.8000852,Pune,Maharashtra,India,6.841201512658401,87.05221843682315,120.73644506460042,High,"Industrial site is high-risk. Install SO2 scrubbers and ESP filters, upgrade baghouse maintenance cadence to weekly, and deploy continuous emissions monitoring with automated alerts."
osm_910115749,Pune Industrial Site 910115749,works,18.3974744,74.5303913,Pune,Maharashtra,India,6.830030387473127,83.1138241037701,99.95943531662611,High,"Works site is high-risk. Install SO2 scrubbers and ESP filters, upgrade baghouse maintenance cadence to weekly, and deploy continuous emissions monitoring with automated alerts."
osm_994644837,Pune Industrial Site 994644837,industrial,18.5013801,73.7517629,Pune,Maharashtra,India,6.81926496380648,84.13558129903517,134.5511425695286,High,"Industrial site is high-risk. Install SO2 scrubbers and ESP filters, upgrade baghouse maintenance cadence to weekly, and deploy continuous emissions monitoring with automated alerts."
osm_1158262467,Pune Industrial Site 1158262467,industrial,18.8019892,73.7804031,Pune,Maharashtra,India,6.805038888178816,84.73560926551191,115.42865660809254,High,"Industrial site is high-risk. Install SO2 scrubbers and ESP filters, upgrade baghouse maintenance cadence to weekly, and deploy continuous emissions monitoring with automated alerts."
osm_910115706,Pune Industrial Site 910115706,works,18.3602089,74.0252191,Pune,Maharashtra,India,6.79586727453266,73.29428364465706,144.49015467417357,High,"Works site is high-risk. Install SO2 scrubbers and ESP filters, upgrade baghouse maintenance cadence to weekly, and deploy continuous emissions monitoring with automated alerts."
osm_238695380,Pune Industrial Site 238695380,industrial,18.3465912,73.8255609,Pune,Maharashtra,India,6.79213715786418,104.56214079982428,88.72569495087915,High,"Industrial site is high-risk. Install SO2 scrubbers and ESP filters, upgrade baghouse maintenance cadence to weekly, and deploy continuous emissions monitoring with automated alerts."
osm_658051834,Pune Industrial Site 658051834,industrial,18.2616518,74.1703105,Pune,Maharashtra,India,6.786129978926574,80.01388557527713,132.2679080712225,High,"Industrial site is high-risk. Install SO2 scrubbers and ESP filters, upgrade baghouse maintenance cadence to weekly, and deploy continuous emissions monitoring with automated alerts."
osm_1414031826,Praj Industries Limitted,industrial,18.5955139,73.7434052,Pune,Maharashtra,India,6.784972630728351,105.99270283544296,128.94073249941945,High,"Industrial site is high-risk. Install SO2 scrubbers and ESP filters, upgrade baghouse maintenance cadence to weekly, and deploy continuous emissions monitoring with automated alerts."
osm_588793326,Pune Industrial Site 588793326,industrial,18.6563882,74.0996483,Pune,Maharashtra,India,6.777568056145943,87.11981733905549,117.76122737225364,High,"Industrial site is high-risk. Install SO2 scrubbers and ESP filters, upgrade baghouse maintenance cadence to weekly, and deploy continuous emissions monitoring with automated alerts."
osm_1476359913,Pune Industrial Site 1476359913,factory,18.7705898,73.8486649,Pune,Maharashtra,India,6.768769163296031,111.88511691669335,75.73035650941739,High,"Factory site is high-risk. Install SO2 scrubbers and ESP filters, upgrade baghouse maintenance cadence to weekly, and deploy continuous emissions monitoring with automated alerts."
osm_971322238,Pune Industrial Site 971322238,industrial,18.7178607,74.194268,Pune,Maharashtra,India,6.767922448370055,83.58260267213521,142.09473996843064,High,"Industrial site is high-risk. Install SO2 scrubbers and ESP filters, upgrade baghouse maintenance cadence to weekly, and deploy continuous emissions monitoring with automated alerts."
osm_910115617,Pune Industrial Site 910115617,works,18.7807829,73.7740168,Pune,Maharashtra,India,6.759584492926747,66.6805905270636,143.04520661282194,High,"Works site is high-risk. Install SO2 scrubbers and ESP filters, upgrade baghouse maintenance cadence to weekly, and deploy continuous emissions monitoring with automated alerts."
osm_263825712,Gultekdi Industrial Estate,industrial,18.4954186,73.8678042,Pune,Maharashtra,India,6.749190270982032,101.9433406219254,105.4752319161212,High,"Industrial site is high-risk. Install SO2 scrubbers and ESP filters, upgrade baghouse maintenance cadence to weekly, and deploy continuous emissions monitoring with automated alerts."
osm_627025217,Pune Industrial Site 627025217,industrial,18.7471679,74.2371055,Pune,Maharashtra,India,6.733693770496638,92.35236602521549,123.68962348984029,High,"Industrial site is high-risk. Install SO2 scrubbers and ESP filters, upgrade baghouse maintenance cadence to weekly, and deploy continuous emissions monitoring with automated alerts."
osm_1411074011,Elica PB Whirlpool Kitchen Appliances Pvt Ltd,industrial,18.4491336,73.898892,Pune,Maharashtra,India,6.727440026621101,79.86925266615148,145.00992765701048,High,"Industrial site is high-risk. Install SO2 scrubbers and ESP filters, upgrade baghouse maintenance cadence to weekly, and deploy continuous emissions monitoring with automated alerts."
osm_910138017,Pune Industrial Site 910138017,industrial,18.094529,75.0161102,Pune,Maharashtra,India,6.716116928740462,72.87903821937086,141.30102045508036,High,"Industrial site is high-risk. Install SO2 scrubbers and ESP filters, upgrade baghouse maintenance cadence to weekly, and deploy continuous emissions monitoring with automated alerts."
osm_971322226,Pune Industrial Site 971322226,industrial,18.6865921,74.1141665,Pune,Maharashtra,India,6.690125952991329,68.39307937859745,157.3184278348936,High,"Industrial site is high-risk. Install SO2 scrubbers and ESP filters, upgrade baghouse maintenance cadence to weekly, and deploy continuous emissions monitoring with automated alerts."
osm_869784175,"Ghodganga Co-operative Sugar Factory,",works,18.642711,74.3744234,Pune,Maharashtra,India,6.684909176208531,74.03078261183963,132.87590308385032,High,"Works site is high-risk. Install SO2 scrubbers and ESP filters, upgrade baghouse maintenance cadence to weekly, and deploy continuous emissions monitoring with automated alerts."
osm_9121982220,KG Industries,works,18.6229019,73.8346066,Pune,Maharashtra,India,6.683425965094973,104.84106079752178,108.60992570316614,High,"Works site is high-risk. Install SO2 scrubbers and ESP filters, upgrade baghouse maintenance cadence to weekly, and deploy continuous emissions monitoring with automated alerts."
osm_669191749,Pune Industrial Site 669191749,industrial,18.8000792,74.3103956,Pune,Maharashtra,India,6.672374028260808,29.50736593786546,223.8042902627696,High,"Industrial site is high-risk. Install SO2 scrubbers and ESP filters, upgrade baghouse maintenance cadence to weekly, and deploy continuous emissions monitoring with automated alerts."
osm_923959262,Pune Industrial Site 923959262,industrial,18.6594626,74.051258,Pune,Maharashtra,India,6.654560102894964,87.2770374365551,153.5500925195312,High,"Industrial site is high-risk. Install SO2 scrubbers and ESP filters, upgrade baghouse maintenance cadence to weekly, and deploy continuous emissions monitoring with automated alerts."
osm_923959274,Pune Industrial Site 923959274,industrial,18.4928496,74.0090091,Pune,Maharashtra,India,6.6336449131243675,91.20716397851686,102.97789137563552,High,"Industrial site is high-risk. Install SO2 scrubbers and ESP filters, upgrade baghouse maintenance cadence to weekly, and deploy continuous emissions monitoring with automated alerts."
osm_1246770024,Pune Industrial Site 1246770024,industrial,18.2714528,74.6743941,Pune,Maharashtra,India,6.57861939643354,76.28083261935957,119.26081422745389,High,"Industrial site is high-risk. Install SO2 scrubbers and ESP filters, upgrade baghouse maintenance cadence to weekly, and deploy continuous emissions monitoring with automated alerts."
osm_910115653,Pune Industrial Site 910115653,industrial,18.7094055,73.7795529,Pune,Maharashtra,India,6.5718983188333,78.75296068063561,131.82663444151422,High,"Industrial site is high-risk. Install SO2 scrubbers and ESP filters, upgrade baghouse maintenance cadence to weekly, and deploy continuous emissions monitoring with automated alerts."
osm_502438538,MIDC Bhosari,industrial,18.6200805,73.8267222,Pune,Maharashtra,India,6.5683620735019055,86.18079176275901,146.8653130446111,High,"Industrial site is high-risk. Install SO2 scrubbers and ESP filters, upgrade baghouse maintenance cadence to weekly, and deploy continuous emissions monitoring with automated alerts."
osm_910115693,Pune Industrial Site 910115693,industrial,18.564562,73.9373472,Pune,Maharashtra,India,6.53939818398548,91.95170401316216,126.18125517494404,High,"Industrial site is high-risk. Install SO2 scrubbers and ESP filters, upgrade baghouse maintenance cadence to weekly, and deploy continuous emissions monitoring with automated alerts."
osm_260902540,Pune Industrial Site 260902540,industrial,18.5583771,74.2672002,Pune,Maharashtra,India,6.538968562363979,101.60236413425072,72.08322144046471,High,"Industrial site is high-risk. Install SO2 scrubbers and ESP filters, upgrade baghouse maintenance cadence to weekly, and deploy continuous emissions monitoring with automated alerts."
osm_10807239592,Bhimashankar Sahakari Sakhar karkhana,works,18.9759622,74.0918108,Pune,Maharashtra,India,6.535116763682023,86.7660170407466,121.59473999436211,High,"Works site is high-risk. Install SO2 scrubbers and ESP filters, upgrade baghouse maintenance cadence to weekly, and deploy continuous emissions monitoring with automated alerts."
osm_923955967,Pune Industrial Site 923955967,industrial,18.438403,74.3132347,Pune,Maharashtra,India,6.526751695493239,91.91816959865358,98.01578506842002,High,"Industrial site is high-risk. Install SO2 scrubbers and ESP filters, upgrade baghouse maintenance cadence to weekly, and deploy continuous emissions monitoring with automated alerts."
osm_971326591,Pune Industrial Site 971326591,industrial,18.4863986,74.1740977,Pune,Maharashtra,India,6.505214195579979,102.54277892556148,98.22541411449376,High,"Industrial site is high-risk. Install SO2 scrubbers and ESP filters, upgrade baghouse maintenance cadence to weekly, and deploy continuous emissions monitoring with automated alerts."
osm_1153236202,NCC Casting Yard,casting,18.6025354,73.8197469,Pune,Maharashtra,India,6.49291581494572,86.5083333409904,96.88947796844468,High,"Casting site is high-risk. Install SO2 scrubbers and ESP filters, upgrade baghouse maintenance cadence to weekly, and deploy continuous emissions monitoring with automated alerts."
osm_1158262455,Pune Industrial Site 1158262455,industrial,18.7334138,73.859818,Pune,Maharashtra,India,6.478588940289925,71.62558785202425,138.26094419850477,High,"Industrial site is high-risk. Install SO2 scrubbers and ESP filters, upgrade baghouse maintenance cadence to weekly, and deploy continuous emissions monitoring with automated alerts."
osm_910115616,Pune Industrial Site 910115616,works,18.7903472,73.7681626,Pune,Maharashtra,India,6.447477510951279,68.7565331600419,129.3876787021316,High,"Works site is high-risk. Install SO2 scrubbers and ESP filters, upgrade baghouse maintenance cadence to weekly, and deploy continuous emissions monitoring with automated alerts."
osm_971325204,Pune Industrial Site 971325204,industrial,18.6349348,74.0325267,Pune,Maharashtra,India,6.4462554590450525,39.65412264711525,171.68856553054252,High,"Industrial site is high-risk. Install SO2 scrubbers and ESP filters, upgrade baghouse maintenance cadence to weekly, and deploy continuous emissions monitoring with automated alerts."
osm_1285875724,Pune Industrial Site 1285875724,industrial,18.601149,73.9886216,Pune,Maharashtra,India,6.443170635484882,91.83883464107043,110.86654074342722,High,"Industrial site is high-risk. Install SO2 scrubbers and ESP filters, upgrade baghouse maintenance cadence to weekly, and deploy continuous emissions monitoring with automated alerts."
osm_244286211,Pune Industrial Site 244286211,industrial,18.35252,74.0132512,Pune,Maharashtra,India,6.430088851553401,99.53087665597516,77.1358350645534,High,"Industrial site is high-risk. Install SO2 scrubbers and ESP filters, upgrade baghouse maintenance cadence to weekly, and deploy continuous emissions monitoring with automated alerts."
osm_910115626,Pune Industrial Site 910115626,industrial,18.756864,73.8018957,Pune,Maharashtra,India,6.397574193592197,57.48131066984233,160.4760674156384,High,"Industrial site is high-risk. Install SO2 scrubbers and ESP filters, upgrade baghouse maintenance cadence to weekly, and deploy continuous emissions monitoring with automated alerts."
osm_1374122383,Gartech Equipments,industrial,18.5556705,73.6006056,Pune,Maharashtra,India,6.395953661698071,68.67436961763678,99.09037001284898,High,"Industrial site is high-risk. Install SO2 scrubbers and ESP filters, upgrade baghouse maintenance cadence to weekly, and deploy continuous emissions monitoring with automated alerts."
osm_788970303,Pune Industrial Site 788970303,works,18.6599238,74.0952127,Pune,Maharashtra,India,6.391208041506571,89.42991901027767,102.96762339494813,High,"Works site is high-risk. Install SO2 scrubbers and ESP filters, upgrade baghouse maintenance cadence to weekly, and deploy continuous emissions monitoring with automated alerts."
osm_923959261,Pune Industrial Site 923959261,industrial,18.6607165,74.0506062,Pune,Maharashtra,India,6.3762394654596655,54.70873973415665,153.61150668605717,High,"Industrial site is high-risk. Install SO2 scrubbers and ESP filters, upgrade baghouse maintenance cadence to weekly, and deploy continuous emissions monitoring with automated alerts."
osm_971322202,Pune Industrial Site 971322202,industrial,18.8185776,73.9728301,Pune,Maharashtra,India,6.32396395333888,70.64441501605606,125.950475710911,High,"Industrial site is high-risk. Install SO2 scrubbers and ESP filters, upgrade baghouse maintenance cadence to weekly, and deploy continuous emissions monitoring with automated alerts."
osm_1483818715,Pune Industrial Site 1483818715,depot,18.5767982,73.6950397,Pune,Maharashtra,India,6.306571164199985,78.34224910258568,102.33622637894594,High,"Depot site is high-risk. Install SO2 scrubbers and ESP filters, upgrade baghouse maintenance cadence to weekly, and deploy continuous emissions monitoring with automated alerts."
osm_971322230,Pune Industrial Site 971322230,industrial,18.7845767,74.2569968,Pune,Maharashtra,India,6.2900651140175405,69.62842547802248,149.8633013846115,High,"Industrial site is high-risk. Install SO2 scrubbers and ESP filters, upgrade baghouse maintenance cadence to weekly, and deploy continuous emissions monitoring with automated alerts."
osm_971353611,Pune Industrial Site 971353611,works,18.5217394,73.9121708,Pune,Maharashtra,India,6.283758510289985,82.338033289454,97.64950568337689,High,"Works site is high-risk. Install SO2 scrubbers and ESP filters, upgrade baghouse maintenance cadence to weekly, and deploy continuous emissions monitoring with automated alerts."
osm_910115658,Pune Industrial Site 910115658,industrial,18.6366815,73.7794161,Pune,Maharashtra,India,6.271794735058276,56.92050549424256,133.20174452294108,High,"Industrial site is high-risk. Install SO2 scrubbers and ESP filters, upgrade baghouse maintenance cadence to weekly, and deploy continuous emissions monitoring with automated alerts."
osm_8733932819,Uttara Foods And Feeds,works,18.2538469,73.9315214,Pune,Maharashtra,India,6.263805181597817,86.17606436364429,108.49054876985912,High,"Works site is high-risk. Install SO2 scrubbers and ESP filters, upgrade baghouse maintenance cadence to weekly, and deploy continuous emissions monitoring with automated alerts."
osm_923959258,Pune Industrial Site 923959258,industrial,18.6998988,74.0828196,Pune,Maharashtra,India,6.234782768021074,74.52815486296952,115.87093301543523,High,"Industrial site is high-risk. Install SO2 scrubbers and ESP filters, upgrade baghouse maintenance cadence to weekly, and deploy continuous emissions monitoring with automated alerts."
osm_222420966,Pune Industrial Site 222420966,industrial,18.1157769,74.6847226,Pune,Maharashtra,India,6.226263672186903,56.419793044062395,153.3470798811688,High,"Industrial site is high-risk. Install SO2 scrubbers and ESP filters, upgrade baghouse maintenance cadence to weekly, and deploy continuous emissions monitoring with automated alerts."
osm_254641401,Padumjee Paper Mill,factory,18.6223873,73.7702738,Pune,Maharashtra,India,6.207750214827045,97.86139617698275,74.7149609757541,High,"Factory site is high-risk. Install SO2 scrubbers and ESP filters, upgrade baghouse maintenance cadence to weekly, and deploy continuous emissions monitoring with automated alerts."
osm_744534122,Pune Industrial Site 744534122,industrial,18.1827177,73.9516125,Pune,Maharashtra,India,6.202139540386963,73.42974191327622,138.9791626103459,High,"Industrial site is high-risk. Install SO2 scrubbers and ESP filters, upgrade baghouse maintenance cadence to weekly, and deploy continuous emissions monitoring with automated alerts."
osm_1193104811,Pune Industrial Site 1193104811,industrial,18.3475887,73.8681231,Pune,Maharashtra,India,6.195801276308144,55.079559184335984,156.0701335683255,High,"Industrial site is high-risk. Install SO2 scrubbers and ESP filters, upgrade baghouse maintenance cadence to weekly, and deploy continuous emissions monitoring with automated alerts."
osm_641714719,Pune Industrial Site 641714719,industrial,18.795923,73.7720025,Pune,Maharashtra,India,6.194138062762135,46.221463047184,182.41671294049064,High,"Industrial site is high-risk. Install SO2 scrubbers and ESP filters, upgrade baghouse maintenance cadence to weekly, and deploy continuous emissions monitoring with automated alerts."
osm_971322236,Pune Industrial Site 971322236,industrial,18.7224339,74.1984501,Pune,Maharashtra,India,6.136179517706762,55.660988314969806,159.7965785009449,High,"Industrial site is high-risk. Install SO2 scrubbers and ESP filters, upgrade baghouse maintenance cadence to weekly, and deploy continuous emissions monitoring with automated alerts."
osm_359348963,Pune Industrial Site 359348963,works,18.7480641,73.421932,Pune,Maharashtra,India,6.121115667554999,66.33617109202153,113.13440033373054,High,"Works site is high-risk. Install SO2 scrubbers and ESP filters, upgrade baghouse maintenance cadence to weekly, and deploy continuous emissions monitoring with automated alerts."
osm_359308704,Pune Industrial Site 359308704,works,18.7482276,73.4215614,Pune,Maharashtra,India,6.1192912498375405,65.8437147021396,114.90220006271534,High,"Works site is high-risk. Install SO2 scrubbers and ESP filters, upgrade baghouse maintenance cadence to weekly, and deploy continuous emissions monitoring with automated alerts."
osm_159480632,Gandhi Bhavan Industrial Estate,industrial,18.4965532,73.8027454,Pune,Maharashtra,India,6.089366636197297,86.08871405818894,72.17034585021287,High,"Industrial site is high-risk. Install SO2 scrubbers and ESP filters, upgrade baghouse maintenance cadence to weekly, and deploy continuous emissions monitoring with automated alerts."
osm_971322214,Pune Industrial Site 971322214,works,18.6929653,74.0873578,Pune,Maharashtra,India,6.0783534157127,59.55606520141434,145.6968519624962,High,"Works site is high-risk. Install SO2 scrubbers and ESP filters, upgrade baghouse maintenance cadence to weekly, and deploy continuous emissions monitoring with automated alerts."
osm_923955956,Tata Motors,industrial,18.6846912,73.6466454,Pune,Maharashtra,India,6.0602393426506955,65.10411793819091,120.80526839440354,High,"Industrial site is high-risk. Install SO2 scrubbers and ESP filters, upgrade baghouse maintenance cadence to weekly, and deploy continuous emissions monitoring with automated alerts."
osm_1333192762,CARS 24,industrial,18.4485941,73.9246842,Pune,Maharashtra,India,6.0422958762001135,64.2460646290241,118.70479515964645,High,"Industrial site is high-risk. Install SO2 scrubbers and ESP filters, upgrade baghouse maintenance cadence to weekly, and deploy continuous emissions monitoring with automated alerts."
osm_923955976,Pune Industrial Site 923955976,industrial,18.5075757,73.9472137,Pune,Maharashtra,India,6.0060738661033914,77.62562310355989,107.20726567546325,High,"Industrial site is high-risk. Install SO2 scrubbers and ESP filters, upgrade baghouse maintenance cadence to weekly, and deploy continuous emissions monitoring with automated alerts."
osm_971322204,Pune Industrial Site 971322204,industrial,18.8346286,73.9916917,Pune,Maharashtra,India,6.005223372958472,67.63734195933353,101.26926305759636,High,"Industrial site is high-risk. Install SO2 scrubbers and ESP filters, upgrade baghouse maintenance cadence to weekly, and deploy continuous emissions monitoring with automated alerts."
osm_944165755,Viscon Rubber,works,18.7958361,73.8804089,Pune,Maharashtra,India,6.003737913531275,84.07061318876715,68.6478481429885,High,"Works site is high-risk. Install SO2 scrubbers and ESP filters, upgrade baghouse maintenance cadence to weekly, and deploy continuous emissions monitoring with automated alerts."
osm_923955955,Pune Industrial Site 923955955,industrial,18.6821542,73.6341771,Pune,Maharashtra,India,5.978711018304514,64.3522428294045,132.05397373349157,Medium,"Industrial site is medium-risk. Increase stack testing to bi-weekly, perform preventive burner tuning, and add leak-detection walkthroughs each shift."
osm_682947782,Pune Industrial Site 682947782,works,18.7757379,73.6968188,Pune,Maharashtra,India,5.968430323542737,62.03370002716905,105.87870842990928,Medium,"Works site is medium-risk. Increase stack testing to bi-weekly, perform preventive burner tuning, and add leak-detection walkthroughs each shift."
osm_202301146,Automotive Research Association of India (ARAI),industrial,18.5233099,73.8149715,Pune,Maharashtra,India,5.9679909868918575,90.31619624193856,78.12968862335082,Medium,"Industrial site is medium-risk. Increase stack testing to bi-weekly, perform preventive burner tuning, and add leak-detection walkthroughs each shift."
osm_13619845454,Company,works,18.6963302,73.7906314,Pune,Maharashtra,India,5.91320962548092,101.0552498878279,56.46597947984944,Medium,"Works site is medium-risk. Increase stack testing to bi-weekly, perform preventive burner tuning, and add leak-detection walkthroughs each shift."
osm_971322228,Pune Industrial Site 971322228,industrial,18.6876526,74.1102718,Pune,Maharashtra,India,5.900965237325764,79.61877703285884,79.52454897388999,Medium,"Industrial site is medium-risk. Increase stack testing to bi-weekly, perform preventive burner tuning, and add leak-detection walkthroughs each shift."
osm_1323906862,Aakash industries,oil_storage,18.6646152,73.7383066,Pune,Maharashtra,India,5.8957521767964085,50.219402145451085,137.1393845820494,Medium,"Oil_Storage site is medium-risk. Increase stack testing to bi-weekly, perform preventive burner tuning, and add leak-detection walkthroughs each shift."
osm_380417658,Food Corporation of India,industrial,18.5320864,73.8927978,Pune,Maharashtra,India,5.803621214570085,36.618789003881616,177.06744171697065,Medium,"Industrial site is medium-risk. Increase stack testing to bi-weekly, perform preventive burner tuning, and add leak-detection walkthroughs each shift."
osm_971325205,Pune Industrial Site 971325205,industrial,18.6303033,74.0319662,Pune,Maharashtra,India,5.746811484493813,72.94711214105158,92.42803066377766,Medium,"Industrial site is medium-risk. Increase stack testing to bi-weekly, perform preventive burner tuning, and add leak-detection walkthroughs each shift."
osm_247000954,Pune Industrial Site 247000954,industrial,18.5784068,73.82483,Pune,Maharashtra,India,5.619291191429455,61.74922807812965,124.74351158447467,Medium,"Industrial site is medium-risk. Increase stack testing to bi-weekly, perform preventive burner tuning, and add leak-detection walkthroughs each shift."
osm_207832296,Bharat Electronics Limited,industrial,18.5275672,73.781177,Pune,Maharashtra,India,5.613907426694126,27.74734143079766,190.8045995432908,Medium,"Industrial site is medium-risk. Increase stack testing to bi-weekly, perform preventive burner tuning, and add leak-detection walkthroughs each shift."
osm_923955970,Pune Industrial Site 923955970,industrial,18.4766199,74.3032864,Pune,Maharashtra,India,5.548201904818971,86.0692538742491,70.867745868009,Medium,"Industrial site is medium-risk. Increase stack testing to bi-weekly, perform preventive burner tuning, and add leak-detection walkthroughs each shift."
osm_788970307,Pune Industrial Site 788970307,industrial,18.67438,74.1150333,Pune,Maharashtra,India,5.311720560399964,43.29999622106504,132.29452651584532,Medium,"Industrial site is medium-risk. Increase stack testing to bi-weekly, perform preventive burner tuning, and add leak-detection walkthroughs each shift."
osm_971322188,Pune Industrial Site 971322188,industrial,18.6923356,73.9132094,Pune,Maharashtra,India,5.295068971765318,62.67820770233437,93.0225167839111,Medium,"Industrial site is medium-risk. Increase stack testing to bi-weekly, perform preventive burner tuning, and add leak-detection walkthroughs each shift."
osm_359308574,Pune Industrial Site 359308574,works,18.7489379,73.4222471,Pune,Maharashtra,India,5.287055701086732,41.65874291159796,128.6285242034466,Medium,"Works site is medium-risk. Increase stack testing to bi-weekly, perform preventive burner tuning, and add leak-detection walkthroughs each shift."
osm_660179171,Bajaj Auto,industrial,18.6591417,73.7833931,Pune,Maharashtra,India,5.2816995479736555,41.80883260336068,123.91929503886952,Medium,"Industrial site is medium-risk. Increase stack testing to bi-weekly, perform preventive burner tuning, and add leak-detection walkthroughs each shift."
osm_923959271,Pune Industrial Site 923959271,industrial,18.4904356,74.0313721,Pune,Maharashtra,India,5.231306641373193,56.25340112847792,99.7372841469878,Medium,"Industrial site is medium-risk. Increase stack testing to bi-weekly, perform preventive burner tuning, and add leak-detection walkthroughs each shift."
osm_771408357,Pune Industrial Site 771408357,works,18.1982621,74.6123298,Pune,Maharashtra,India,5.209092597709166,66.41987123905488,88.39255630246515,Medium,"Works site is medium-risk. Increase stack testing to bi-weekly, perform preventive burner tuning, and add leak-detection walkthroughs each shift."
osm_923955973,Pune Industrial Site 923955973,industrial,18.5495127,74.3317875,Pune,Maharashtra,India,4.905066826189824,49.76451741450259,83.1792909126028,Medium,"Industrial site is medium-risk. Increase stack testing to bi-weekly, perform preventive burner tuning, and add leak-detection walkthroughs each shift."
osm_1284935339,Pune Industrial Site 1284935339,industrial,18.5752669,73.9802461,Pune,Maharashtra,India,4.889969694703414,38.71349660759605,102.97840896144046,Medium,"Industrial site is medium-risk. Increase stack testing to bi-weekly, perform preventive burner tuning, and add leak-detection walkthroughs each shift."
osm_910115649,Pune Industrial Site 910115649,industrial,18.7178966,73.8119737,Pune,Maharashtra,India,4.583668698121669,53.518539681368885,41.61011095622446,Medium,"Industrial site is medium-risk. Increase stack testing to bi-weekly, perform preventive burner tuning, and add leak-detection walkthroughs each shift."
osm_910397553,Pune Industrial Site 910397553,works,18.2346059,74.6046487,Pune,Maharashtra,India,4.503815539824407,32.674166235278534,103.85419586217328,Medium,"Works site is medium-risk. Increase stack testing to bi-weekly, perform preventive burner tuning, and add leak-detection walkthroughs each shift."
osm_910115676,Pune Industrial Site 910115676,works,18.6420644,73.8057989,Pune,Maharashtra,India,4.466322035312174,106.75444399265582,10.0,Medium,"Works site is medium-risk. Increase stack testing to bi-weekly, perform preventive burner tuning, and add leak-detection walkthroughs each shift."
osm_910397550,Pune Industrial Site 910397550,works,18.2294398,74.5977648,Pune,Maharashtra,India,4.3913777869870705,49.9762332720706,78.78837351698027,Medium,"Works site is medium-risk. Increase stack testing to bi-weekly, perform preventive burner tuning, and add leak-detection walkthroughs each shift."
osm_1217175101,Pune Industrial Site 1217175101,industrial,18.0371771,74.7906906,Pune,Maharashtra,India,4.379902267329225,20.51406603049658,94.18470748165916,Medium,"Industrial site is medium-risk. Increase stack testing to bi-weekly, perform preventive burner tuning, and add leak-detection walkthroughs each shift."
osm_11061123768,Amphenol,works,18.6175723,73.8414059,Pune,Maharashtra,India,3.9974349590006835,15.174175411982702,72.65125895435031,Medium,"Works site is medium-risk. Increase stack testing to bi-weekly, perform preventive burner tuning, and add leak-detection walkthroughs each shift."
osm_641125211,Pune Industrial Site 641125211,industrial,18.5559018,73.819153,Pune,Maharashtra,India,3.8899713135926643,33.479506302517905,73.98296395740543,Medium,"Industrial site is medium-risk. Increase stack testing to bi-weekly, perform preventive burner tuning, and add leak-detection walkthroughs each shift."
osm_1284781480,Pune Industrial Site 1284781480,industrial,18.5380997,73.9029587,Pune,Maharashtra,India,3.668438127512605,11.200889328483498,104.6045401203124,Medium,"Industrial site is medium-risk. Increase stack testing to bi-weekly, perform preventive burner tuning, and add leak-detection walkthroughs each shift."
